{
  "categorias": [
      {
          "name": "Descuento estudiantes"
      },
      {
          "name": "Top Ofertas"
      },
      {
          "name": "MacBook"
      },
      {
          "name": "Smartphones"
      },
      {
          "name": "iPad"
      },
      {
          "name": "AirPods"
      },
      {
          "name": "iMac"
      },
      {
          "name": "Accesorios"
      },
      {
          "name": "Portátiles"
      },
      {
          "name": "PC"
      },
      {
          "name": "Auriculares"
      },
      {
          "name": "Consolas"
      },
      {
          "name": "Apple"
      },
      {
          "name": "Tablet"
      },
      {
          "name": "iPhone"
      },
      {
          "name": "Aspiradores"
      },
      {
          "name": "Samsung"
      },
      {
          "name": "iPad Pro"
      }
  ],"carrusel": [

    {
      "name": "img1",
      "rutaimagen":"../../assets/images/carrusel/displayimages1.jpg"

    },{
      "name": "img2",
      "rutaimagen":"../../assets/images/carrusel/displayimages3.jpeg"
    },{
      "name": "img3",
      "rutaimagen":"../../assets/images/carrusel/displayimages2.jpeg"
    },{
      "name": "img4",
      "rutaimagen":"../../assets/images/carrusel/displayimages4.jpg"
    },{
      "name": "img5",
      "rutaimagen":"../../assets/images/carrusel/displayimages5.jpg"
    }

  ],"productos": [
    {
      "name": "Steam Deck OLED"
    },
    {
      "name": "MSI Claw A1M"
    },
    {
      "name": "Nintendo Switch Lite"
    },
    {
      "name": "Sony PSP Go"
    },
    {
      "name": "iPad Pro"
    },
    {
      "name": "iPhone 13 Pro"
    },
    {
      "name": "Samsung Galaxy S21"
    },
    {
      "name": "Google Pixel 6"
    },
    {
      "name": "OnePlus 9"
    },
    {
      "name": "Xiaomi Mi 11"
    },
    {
      "name": "Oppo Find X3 Pro"
    },
    {
      "name": "Sony Xperia 1 III"
    },
    {
      "name": "LG Velvet"
    },
    {
      "name": "Motorola Edge"
    },
    {
      "name": "ASUS ROG Phone 5"
    },
    {
      "name": "Apple AirPods Pro"
    },
    {
      "name": "Samsung Galaxy Buds Pro"
    },
    {
      "name": "Sony WH-1000XM4"
    },
    {
      "name": "JBL Flip 5"
    },
    {
      "name": "Logitech MX Master 3"
    },
    {
      "name": "Anker PowerCore 10000"
    },
    {
      "name": "Belkin Boost Charge"
    },
    {
      "name": "Spigen Tough Armor"
    },
    {
      "name": "Nomad Base Station Pro"
    },
    {
      "name": "Razer DeathAdder V2"
    },
    {
      "name": "Bose QuietComfort 35 II"
    },
    {
      "name": "Sennheiser HD 660S"
    },
    {
      "name": "Audio-Technica ATH-M50x"
    },
    {
      "name": "Jabra Elite 85t"
    },
    {
      "name": "Sony WF-1000XM4"
    },
    {
      "name": "Bang & Olufsen Beoplay H9"
    },
    {
      "name": "Marshall Major IV"
    },
    {
      "name": "Shure AONIC 50"
    },
    {
      "name": "Beyerdynamic DT 990 Pro"
    },
    {
      "name": "JBL Live 650BTNC"
    },
    {
      "name": "MacBook Air"
    },
    {
      "name": "Dell XPS 13"
    },
    {
      "name": "Lenovo ThinkPad X1 Carbon"
    },
    {
      "name": "HP Spectre x360"
    },
    {
      "name": "ASUS ZenBook 14"
    },
    {
      "name": "Microsoft Surface Laptop 4"
    },
    {
      "name": "Acer Swift 3"
    },
    {
      "name": "LG Gram 17"
    },
    {
      "name": "Razer Blade 15"
    },
    {
      "name": "MSI GS66 Stealth"
    }
  ]
}
